m,k,n,type,ac_native,b_native,time_ns
128,64,64,RKNN_INT8_MM_INT8_TO_INT32,0,0,2803456
128,64,64,RKNN_INT8_MM_INT8_TO_INT32,0,1,1739764
128,64,64,RKNN_INT8_MM_INT8_TO_INT32,1,0,1136191
128,64,64,RKNN_INT8_MM_INT8_TO_INT32,1,1,857778
128,64,64,RKNN_FLOAT16_MM_FLOAT16_TO_FLOAT32,0,0,1090525
128,64,64,RKNN_FLOAT16_MM_FLOAT16_TO_FLOAT32,0,1,946152
128,64,64,RKNN_FLOAT16_MM_FLOAT16_TO_FLOAT32,1,0,990193
128,64,64,RKNN_FLOAT16_MM_FLOAT16_TO_FLOAT32,1,1,927193
128,64,128,RKNN_INT8_MM_INT8_TO_INT32,0,0,1023734
128,64,128,RKNN_INT8_MM_INT8_TO_INT32,0,1,965985
128,64,128,RKNN_INT8_MM_INT8_TO_INT32,1,0,1226148
128,64,128,RKNN_INT8_MM_INT8_TO_INT32,1,1,1146523
128,64,128,RKNN_FLOAT16_MM_FLOAT16_TO_FLOAT32,0,0,1334645
128,64,128,RKNN_FLOAT16_MM_FLOAT16_TO_FLOAT32,0,1,1140982
128,64,128,RKNN_FLOAT16_MM_FLOAT16_TO_FLOAT32,1,0,1130190
128,64,128,RKNN_FLOAT16_MM_FLOAT16_TO_FLOAT32,1,1,1156440
128,64,128,RKNN_INT4_MM_INT4_TO_INT16,0,1,17516932
128,64,128,RKNN_INT4_MM_INT4_TO_INT16,1,1,1328521
128,64,256,RKNN_INT8_MM_INT8_TO_INT32,0,0,2318421
128,64,256,RKNN_INT8_MM_INT8_TO_INT32,0,1,1492435
128,64,256,RKNN_INT8_MM_INT8_TO_INT32,1,0,1710306
128,64,256,RKNN_INT8_MM_INT8_TO_INT32,1,1,1717015
128,64,256,RKNN_FLOAT16_MM_FLOAT16_TO_FLOAT32,0,0,2051260
128,64,256,RKNN_FLOAT16_MM_FLOAT16_TO_FLOAT32,0,1,1541143
128,64,256,RKNN_FLOAT16_MM_FLOAT16_TO_FLOAT32,1,0,1656932
128,64,256,RKNN_FLOAT16_MM_FLOAT16_TO_FLOAT32,1,1,1489518
128,64,256,RKNN_INT4_MM_INT4_TO_INT16,0,1,18610082
128,64,256,RKNN_INT4_MM_INT4_TO_INT16,1,1,3589777
128,64,512,RKNN_INT8_MM_INT8_TO_INT32,0,0,3292864
128,64,512,RKNN_INT8_MM_INT8_TO_INT32,0,1,4227059
128,64,512,RKNN_INT8_MM_INT8_TO_INT32,1,0,4673884
128,64,512,RKNN_INT8_MM_INT8_TO_INT32,1,1,1630100
128,64,512,RKNN_FLOAT16_MM_FLOAT16_TO_FLOAT32,0,0,2127966
128,64,512,RKNN_FLOAT16_MM_FLOAT16_TO_FLOAT32,0,1,4154727
128,64,512,RKNN_FLOAT16_MM_FLOAT16_TO_FLOAT32,1,0,3828064
128,64,512,RKNN_FLOAT16_MM_FLOAT16_TO_FLOAT32,1,1,1948886
128,64,512,RKNN_INT4_MM_INT4_TO_INT16,0,1,16812568
128,64,512,RKNN_INT4_MM_INT4_TO_INT16,1,1,3465237
128,64,1024,RKNN_INT8_MM_INT8_TO_INT32,0,0,3721650
128,64,1024,RKNN_INT8_MM_INT8_TO_INT32,0,1,4024353
128,64,1024,RKNN_INT8_MM_INT8_TO_INT32,1,0,5543913
128,64,1024,RKNN_INT8_MM_INT8_TO_INT32,1,1,3115534
128,64,1024,RKNN_FLOAT16_MM_FLOAT16_TO_FLOAT32,0,0,3753982
128,64,1024,RKNN_FLOAT16_MM_FLOAT16_TO_FLOAT32,0,1,4114477
128,64,1024,RKNN_FLOAT16_MM_FLOAT16_TO_FLOAT32,1,0,5639286
128,64,1024,RKNN_FLOAT16_MM_FLOAT16_TO_FLOAT32,1,1,2606001
128,64,1024,RKNN_INT4_MM_INT4_TO_INT16,0,1,20766922
128,64,1024,RKNN_INT4_MM_INT4_TO_INT16,1,1,4379140
128,64,2048,RKNN_INT8_MM_INT8_TO_INT32,0,0,7635422
128,64,2048,RKNN_INT8_MM_INT8_TO_INT32,0,1,4445805
128,64,2048,RKNN_INT8_MM_INT8_TO_INT32,1,0,11358196
128,64,2048,RKNN_INT8_MM_INT8_TO_INT32,1,1,4160560
128,64,2048,RKNN_FLOAT16_MM_FLOAT16_TO_FLOAT32,0,0,8226328
128,64,2048,RKNN_FLOAT16_MM_FLOAT16_TO_FLOAT32,0,1,7640671
128,64,2048,RKNN_FLOAT16_MM_FLOAT16_TO_FLOAT32,1,0,7229428
128,64,2048,RKNN_FLOAT16_MM_FLOAT16_TO_FLOAT32,1,1,5494913
128,64,2048,RKNN_INT4_MM_INT4_TO_INT16,0,1,24634070
128,64,2048,RKNN_INT4_MM_INT4_TO_INT16,1,1,9976301
128,64,4096,RKNN_INT8_MM_INT8_TO_INT32,0,0,8512949
128,64,4096,RKNN_INT8_MM_INT8_TO_INT32,0,1,16457907
128,64,4096,RKNN_INT8_MM_INT8_TO_INT32,1,0,20676216
128,64,4096,RKNN_INT8_MM_INT8_TO_INT32,1,1,12455721
128,64,4096,RKNN_FLOAT16_MM_FLOAT16_TO_FLOAT32,0,0,16186369
128,64,4096,RKNN_FLOAT16_MM_FLOAT16_TO_FLOAT32,0,1,6939515
128,64,4096,RKNN_FLOAT16_MM_FLOAT16_TO_FLOAT32,1,0,8405409
128,64,4096,RKNN_FLOAT16_MM_FLOAT16_TO_FLOAT32,1,1,10321045
128,64,4096,RKNN_INT4_MM_INT4_TO_INT16,0,1,27315319
128,64,4096,RKNN_INT4_MM_INT4_TO_INT16,1,1,8713113
128,64,8192,RKNN_INT8_MM_INT8_TO_INT32,0,0,12572385
128,64,8192,RKNN_INT8_MM_INT8_TO_INT32,0,1,19387653
128,64,8192,RKNN_INT8_MM_INT8_TO_INT32,1,0,23731376
128,64,8192,RKNN_INT8_MM_INT8_TO_INT32,1,1,17109772
128,64,8192,RKNN_FLOAT16_MM_FLOAT16_TO_FLOAT32,0,0,23577378
128,64,8192,RKNN_FLOAT16_MM_FLOAT16_TO_FLOAT32,0,1,18568832
128,64,8192,RKNN_FLOAT16_MM_FLOAT16_TO_FLOAT32,1,0,22029528
128,64,8192,RKNN_FLOAT16_MM_FLOAT16_TO_FLOAT32,1,1,18371793
128,64,8192,RKNN_INT4_MM_INT4_TO_INT16,0,1,41226724
128,64,8192,RKNN_INT4_MM_INT4_TO_INT16,1,1,9076524
128,128,64,RKNN_INT8_MM_INT8_TO_INT32,0,0,1466769
128,128,64,RKNN_INT8_MM_INT8_TO_INT32,0,1,1563600
128,128,64,RKNN_INT8_MM_INT8_TO_INT32,1,0,1802763
128,128,64,RKNN_INT8_MM_INT8_TO_INT32,1,1,1257647
128,128,64,RKNN_FLOAT16_MM_FLOAT16_TO_FLOAT32,0,0,978235
128,128,64,RKNN_FLOAT16_MM_FLOAT16_TO_FLOAT32,0,1,890153
128,128,64,RKNN_FLOAT16_MM_FLOAT16_TO_FLOAT32,1,0,957819
128,128,64,RKNN_FLOAT16_MM_FLOAT16_TO_FLOAT32,1,1,872944
128,128,128,RKNN_INT8_MM_INT8_TO_INT32,0,0,1100150
128,128,128,RKNN_INT8_MM_INT8_TO_INT32,0,1,968902
128,128,128,RKNN_INT8_MM_INT8_TO_INT32,1,0,1109774
128,128,128,RKNN_INT8_MM_INT8_TO_INT32,1,1,1018484
128,128,128,RKNN_FLOAT16_MM_FLOAT16_TO_FLOAT32,0,0,1140982
128,128,128,RKNN_FLOAT16_MM_FLOAT16_TO_FLOAT32,0,1,1070983
128,128,128,RKNN_FLOAT16_MM_FLOAT16_TO_FLOAT32,1,0,1206898
128,128,128,RKNN_FLOAT16_MM_FLOAT16_TO_FLOAT32,1,1,1096357
128,128,128,RKNN_INT4_MM_INT4_TO_INT16,0,1,15605379
128,128,128,RKNN_INT4_MM_INT4_TO_INT16,1,1,1738889
128,128,256,RKNN_INT8_MM_INT8_TO_INT32,0,0,2534252
128,128,256,RKNN_INT8_MM_INT8_TO_INT32,0,1,1586934
128,128,256,RKNN_INT8_MM_INT8_TO_INT32,1,0,2491085
128,128,256,RKNN_INT8_MM_INT8_TO_INT32,1,1,1973677
128,128,256,RKNN_FLOAT16_MM_FLOAT16_TO_FLOAT32,0,0,2200007
128,128,256,RKNN_FLOAT16_MM_FLOAT16_TO_FLOAT32,0,1,1878887
128,128,256,RKNN_FLOAT16_MM_FLOAT16_TO_FLOAT32,1,0,2498960
128,128,256,RKNN_FLOAT16_MM_FLOAT16_TO_FLOAT32,1,1,1910387
128,128,256,RKNN_INT4_MM_INT4_TO_INT16,0,1,15238176
128,128,256,RKNN_INT4_MM_INT4_TO_INT16,1,1,3329031
128,128,512,RKNN_INT8_MM_INT8_TO_INT32,0,0,4126435
128,128,512,RKNN_INT8_MM_INT8_TO_INT32,0,1,5259542
128,128,512,RKNN_INT8_MM_INT8_TO_INT32,1,0,6182361
128,128,512,RKNN_INT8_MM_INT8_TO_INT32,1,1,1927595
128,128,512,RKNN_FLOAT16_MM_FLOAT16_TO_FLOAT32,0,0,2951912
128,128,512,RKNN_FLOAT16_MM_FLOAT16_TO_FLOAT32,0,1,5704910
128,128,512,RKNN_FLOAT16_MM_FLOAT16_TO_FLOAT32,1,0,4166393
128,128,512,RKNN_FLOAT16_MM_FLOAT16_TO_FLOAT32,1,1,3372197
128,128,512,RKNN_INT4_MM_INT4_TO_INT16,0,1,16957525
128,128,512,RKNN_INT4_MM_INT4_TO_INT16,1,1,5964780
128,128,1024,RKNN_INT8_MM_INT8_TO_INT32,0,0,3708775
128,128,1024,RKNN_INT8_MM_INT8_TO_INT32,0,1,2539502
128,128,1024,RKNN_INT8_MM_INT8_TO_INT32,1,0,2827372
128,128,1024,RKNN_INT8_MM_INT8_TO_INT32,1,1,2721790
128,128,1024,RKNN_FLOAT16_MM_FLOAT16_TO_FLOAT32,0,0,5533121
128,128,1024,RKNN_FLOAT16_MM_FLOAT16_TO_FLOAT32,0,1,3573152
128,128,1024,RKNN_FLOAT16_MM_FLOAT16_TO_FLOAT32,1,0,8006999
128,128,1024,RKNN_FLOAT16_MM_FLOAT16_TO_FLOAT32,1,1,2654708
128,128,1024,RKNN_INT4_MM_INT4_TO_INT16,0,1,15959748
128,128,1024,RKNN_INT4_MM_INT4_TO_INT16,1,1,8704655
128,128,2048,RKNN_INT8_MM_INT8_TO_INT32,0,0,5141711
128,128,2048,RKNN_INT8_MM_INT8_TO_INT32,0,1,8052789
128,128,2048,RKNN_INT8_MM_INT8_TO_INT32,1,0,17745304
128,128,2048,RKNN_INT8_MM_INT8_TO_INT32,1,1,10680665
128,128,2048,RKNN_FLOAT16_MM_FLOAT16_TO_FLOAT32,0,0,14759058
128,128,2048,RKNN_FLOAT16_MM_FLOAT16_TO_FLOAT32,0,1,8332036
128,128,2048,RKNN_FLOAT16_MM_FLOAT16_TO_FLOAT32,1,0,15733418
128,128,2048,RKNN_FLOAT16_MM_FLOAT16_TO_FLOAT32,1,1,9672972
128,128,2048,RKNN_INT4_MM_INT4_TO_INT16,0,1,24282617
128,128,2048,RKNN_INT4_MM_INT4_TO_INT16,1,1,9598432
128,128,4096,RKNN_INT8_MM_INT8_TO_INT32,0,0,9865094
128,128,4096,RKNN_INT8_MM_INT8_TO_INT32,0,1,17760178
128,128,4096,RKNN_INT8_MM_INT8_TO_INT32,1,0,21608951
128,128,4096,RKNN_INT8_MM_INT8_TO_INT32,1,1,13072752
128,128,4096,RKNN_FLOAT16_MM_FLOAT16_TO_FLOAT32,0,0,20273722
128,128,4096,RKNN_FLOAT16_MM_FLOAT16_TO_FLOAT32,0,1,17376351
128,128,4096,RKNN_FLOAT16_MM_FLOAT16_TO_FLOAT32,1,0,21337538
128,128,4096,RKNN_FLOAT16_MM_FLOAT16_TO_FLOAT32,1,1,13912281
128,128,4096,RKNN_INT4_MM_INT4_TO_INT16,0,1,29194873
128,128,4096,RKNN_INT4_MM_INT4_TO_INT16,1,1,17477266
128,128,8192,RKNN_INT8_MM_INT8_TO_INT32,0,0,21275123
128,128,8192,RKNN_INT8_MM_INT8_TO_INT32,0,1,22077944
128,128,8192,RKNN_INT8_MM_INT8_TO_INT32,1,0,27659189
128,128,8192,RKNN_INT8_MM_INT8_TO_INT32,1,1,20539551
128,128,8192,RKNN_FLOAT16_MM_FLOAT16_TO_FLOAT32,0,0,34682411
128,128,8192,RKNN_FLOAT16_MM_FLOAT16_TO_FLOAT32,0,1,20674174
128,128,8192,RKNN_FLOAT16_MM_FLOAT16_TO_FLOAT32,1,0,33752009
128,128,8192,RKNN_FLOAT16_MM_FLOAT16_TO_FLOAT32,1,1,22806515
128,128,8192,RKNN_INT4_MM_INT4_TO_INT16,0,1,50163125
128,128,8192,RKNN_INT4_MM_INT4_TO_INT16,1,1,26070797
128,256,64,RKNN_INT8_MM_INT8_TO_INT32,0,0,2083634
128,256,64,RKNN_INT8_MM_INT8_TO_INT32,0,1,2153924
128,256,64,RKNN_INT8_MM_INT8_TO_INT32,1,0,1848262
128,256,64,RKNN_INT8_MM_INT8_TO_INT32,1,1,1155857
128,256,64,RKNN_FLOAT16_MM_FLOAT16_TO_FLOAT32,0,0,1321813
128,256,64,RKNN_FLOAT16_MM_FLOAT16_TO_FLOAT32,0,1,1181815
128,256,64,RKNN_FLOAT16_MM_FLOAT16_TO_FLOAT32,1,0,1336979
128,256,64,RKNN_FLOAT16_MM_FLOAT16_TO_FLOAT32,1,1,1201064
128,256,128,RKNN_INT8_MM_INT8_TO_INT32,0,0,1834554
128,256,128,RKNN_INT8_MM_INT8_TO_INT32,0,1,1358853
128,256,128,RKNN_INT8_MM_INT8_TO_INT32,1,0,1670057
128,256,128,RKNN_INT8_MM_INT8_TO_INT32,1,1,1454519
128,256,128,RKNN_FLOAT16_MM_FLOAT16_TO_FLOAT32,0,0,2122133
128,256,128,RKNN_FLOAT16_MM_FLOAT16_TO_FLOAT32,0,1,1722848
128,256,128,RKNN_FLOAT16_MM_FLOAT16_TO_FLOAT32,1,0,2407087
128,256,128,RKNN_FLOAT16_MM_FLOAT16_TO_FLOAT32,1,1,2388421
128,256,128,RKNN_INT4_MM_INT4_TO_INT16,0,1,16438366
128,256,128,RKNN_INT4_MM_INT4_TO_INT16,1,1,3753690
128,256,256,RKNN_INT8_MM_INT8_TO_INT32,0,0,4746217
128,256,256,RKNN_INT8_MM_INT8_TO_INT32,0,1,2087134
128,256,256,RKNN_INT8_MM_INT8_TO_INT32,1,0,2900871
128,256,256,RKNN_INT8_MM_INT8_TO_INT32,1,1,2997411
128,256,256,RKNN_FLOAT16_MM_FLOAT16_TO_FLOAT32,0,0,3007328
128,256,256,RKNN_FLOAT16_MM_FLOAT16_TO_FLOAT32,0,1,2205257
128,256,256,RKNN_FLOAT16_MM_FLOAT16_TO_FLOAT32,1,0,3412155
128,256,256,RKNN_FLOAT16_MM_FLOAT16_TO_FLOAT32,1,1,2671333
128,256,256,RKNN_INT4_MM_INT4_TO_INT16,0,1,17133979
128,256,256,RKNN_INT4_MM_INT4_TO_INT16,1,1,4902256
128,256,512,RKNN_INT8_MM_INT8_TO_INT32,0,0,6901016
128,256,512,RKNN_INT8_MM_INT8_TO_INT32,0,1,7971416
128,256,512,RKNN_INT8_MM_INT8_TO_INT32,1,0,9936343
128,256,512,RKNN_INT8_MM_INT8_TO_INT32,1,1,3408946
128,256,512,RKNN_FLOAT16_MM_FLOAT16_TO_FLOAT32,0,0,4491596
128,256,512,RKNN_FLOAT16_MM_FLOAT16_TO_FLOAT32,0,1,4907506
128,256,512,RKNN_FLOAT16_MM_FLOAT16_TO_FLOAT32,1,0,8507699
128,256,512,RKNN_FLOAT16_MM_FLOAT16_TO_FLOAT32,1,1,3204783
128,256,512,RKNN_INT4_MM_INT4_TO_INT16,0,1,18054757
128,256,512,RKNN_INT4_MM_INT4_TO_INT16,1,1,7008056
128,256,1024,RKNN_INT8_MM_INT8_TO_INT32,0,0,6293484
128,256,1024,RKNN_INT8_MM_INT8_TO_INT32,0,1,5931824
128,256,1024,RKNN_INT8_MM_INT8_TO_INT32,1,0,11367529
128,256,1024,RKNN_INT8_MM_INT8_TO_INT32,1,1,4173976
128,256,1024,RKNN_FLOAT16_MM_FLOAT16_TO_FLOAT32,0,0,6930474
128,256,1024,RKNN_FLOAT16_MM_FLOAT16_TO_FLOAT32,0,1,6869809
128,256,1024,RKNN_FLOAT16_MM_FLOAT16_TO_FLOAT32,1,0,6751685
128,256,1024,RKNN_FLOAT16_MM_FLOAT16_TO_FLOAT32,1,1,5350832
128,256,1024,RKNN_INT4_MM_INT4_TO_INT16,0,1,17631847
128,256,1024,RKNN_INT4_MM_INT4_TO_INT16,1,1,4360348
128,256,2048,RKNN_INT8_MM_INT8_TO_INT32,0,0,10336504
128,256,2048,RKNN_INT8_MM_INT8_TO_INT32,0,1,17514016
128,256,2048,RKNN_INT8_MM_INT8_TO_INT32,1,0,15757918
128,256,2048,RKNN_INT8_MM_INT8_TO_INT32,1,1,10609208
128,256,2048,RKNN_FLOAT16_MM_FLOAT16_TO_FLOAT32,0,0,16748403
128,256,2048,RKNN_FLOAT16_MM_FLOAT16_TO_FLOAT32,0,1,14173027
128,256,2048,RKNN_FLOAT16_MM_FLOAT16_TO_FLOAT32,1,0,20359178
128,256,2048,RKNN_FLOAT16_MM_FLOAT16_TO_FLOAT32,1,1,15023513
128,256,2048,RKNN_INT4_MM_INT4_TO_INT16,0,1,31174884
128,256,2048,RKNN_INT4_MM_INT4_TO_INT16,1,1,14653519
128,256,4096,RKNN_INT8_MM_INT8_TO_INT32,0,0,18468917
128,256,4096,RKNN_INT8_MM_INT8_TO_INT32,0,1,21068459
128,256,4096,RKNN_INT8_MM_INT8_TO_INT32,1,0,26050089
128,256,4096,RKNN_INT8_MM_INT8_TO_INT32,1,1,19657732
128,256,4096,RKNN_FLOAT16_MM_FLOAT16_TO_FLOAT32,0,0,31914538
128,256,4096,RKNN_FLOAT16_MM_FLOAT16_TO_FLOAT32,0,1,20627883
128,256,4096,RKNN_FLOAT16_MM_FLOAT16_TO_FLOAT32,1,0,28350344
128,256,4096,RKNN_FLOAT16_MM_FLOAT16_TO_FLOAT32,1,1,20406137
128,256,4096,RKNN_INT4_MM_INT4_TO_INT16,0,1,34877825
128,256,4096,RKNN_INT4_MM_INT4_TO_INT16,1,1,22259940
128,256,8192,RKNN_INT8_MM_INT8_TO_INT32,0,0,46047898
128,256,8192,RKNN_INT8_MM_INT8_TO_INT32,0,1,30203648
128,256,8192,RKNN_INT8_MM_INT8_TO_INT32,1,0,42717701
128,256,8192,RKNN_INT8_MM_INT8_TO_INT32,1,1,28943669
128,256,8192,RKNN_FLOAT16_MM_FLOAT16_TO_FLOAT32,0,0,56524984
128,256,8192,RKNN_FLOAT16_MM_FLOAT16_TO_FLOAT32,0,1,34454414
128,256,8192,RKNN_FLOAT16_MM_FLOAT16_TO_FLOAT32,1,0,48500902
128,256,8192,RKNN_FLOAT16_MM_FLOAT16_TO_FLOAT32,1,1,27361110
128,256,8192,RKNN_INT4_MM_INT4_TO_INT16,0,1,54816427
128,256,8192,RKNN_INT4_MM_INT4_TO_INT16,1,1,37669365
128,512,64,RKNN_INT8_MM_INT8_TO_INT32,0,0,2762623
128,512,64,RKNN_INT8_MM_INT8_TO_INT32,0,1,2619834
128,512,64,RKNN_INT8_MM_INT8_TO_INT32,1,0,2629042
128,512,64,RKNN_INT8_MM_INT8_TO_INT32,1,1,1548142
128,512,64,RKNN_FLOAT16_MM_FLOAT16_TO_FLOAT32,0,0,1857888
128,512,64,RKNN_FLOAT16_MM_FLOAT16_TO_FLOAT32,0,1,1625141
128,512,64,RKNN_FLOAT16_MM_FLOAT16_TO_FLOAT32,1,0,1919719
128,512,64,RKNN_FLOAT16_MM_FLOAT16_TO_FLOAT32,1,1,1778264
128,512,128,RKNN_INT8_MM_INT8_TO_INT32,0,0,2797039
128,512,128,RKNN_INT8_MM_INT8_TO_INT32,0,1,2055343
128,512,128,RKNN_INT8_MM_INT8_TO_INT32,1,0,2340005
128,512,128,RKNN_INT8_MM_INT8_TO_INT32,1,1,2384920
128,512,128,RKNN_FLOAT16_MM_FLOAT16_TO_FLOAT32,0,0,3007911
128,512,128,RKNN_FLOAT16_MM_FLOAT16_TO_FLOAT32,0,1,2214298
128,512,128,RKNN_FLOAT16_MM_FLOAT16_TO_FLOAT32,1,0,2744540
128,512,128,RKNN_FLOAT16_MM_FLOAT16_TO_FLOAT32,1,1,2421670
128,512,128,RKNN_INT4_MM_INT4_TO_INT16,0,1,16388200
128,512,128,RKNN_INT4_MM_INT4_TO_INT16,1,1,4188559
128,512,256,RKNN_INT8_MM_INT8_TO_INT32,0,0,3681358
128,512,256,RKNN_INT8_MM_INT8_TO_INT32,0,1,3469320
128,512,256,RKNN_INT8_MM_INT8_TO_INT32,1,0,6411899
128,512,256,RKNN_INT8_MM_INT8_TO_INT32,1,1,3884939
128,512,256,RKNN_FLOAT16_MM_FLOAT16_TO_FLOAT32,0,0,4308432
128,512,256,RKNN_FLOAT16_MM_FLOAT16_TO_FLOAT32,0,1,3889897
128,512,256,RKNN_FLOAT16_MM_FLOAT16_TO_FLOAT32,1,0,5838199
128,512,256,RKNN_FLOAT16_MM_FLOAT16_TO_FLOAT32,1,1,5136461
128,512,256,RKNN_INT4_MM_INT4_TO_INT16,0,1,17288269
128,512,256,RKNN_INT4_MM_INT4_TO_INT16,1,1,10074300
128,512,512,RKNN_INT8_MM_INT8_TO_INT32,0,0,7097305
128,512,512,RKNN_INT8_MM_INT8_TO_INT32,0,1,10286630
128,512,512,RKNN_INT8_MM_INT8_TO_INT32,1,0,13650077
128,512,512,RKNN_INT8_MM_INT8_TO_INT32,1,1,4201684
128,512,512,RKNN_FLOAT16_MM_FLOAT16_TO_FLOAT32,0,0,8186080
128,512,512,RKNN_FLOAT16_MM_FLOAT16_TO_FLOAT32,0,1,9163439
128,512,512,RKNN_FLOAT16_MM_FLOAT16_TO_FLOAT32,1,0,12185933
128,512,512,RKNN_FLOAT16_MM_FLOAT16_TO_FLOAT32,1,1,4641510
128,512,512,RKNN_INT4_MM_INT4_TO_INT16,0,1,20723756
128,512,512,RKNN_INT4_MM_INT4_TO_INT16,1,1,10044550
128,512,1024,RKNN_INT8_MM_INT8_TO_INT32,0,0,10118340
128,512,1024,RKNN_INT8_MM_INT8_TO_INT32,0,1,11770606
128,512,1024,RKNN_INT8_MM_INT8_TO_INT32,1,0,8927484
128,512,1024,RKNN_INT8_MM_INT8_TO_INT32,1,1,6341900
128,512,1024,RKNN_FLOAT16_MM_FLOAT16_TO_FLOAT32,0,0,10841954
128,512,1024,RKNN_FLOAT16_MM_FLOAT16_TO_FLOAT32,0,1,14853349
128,512,1024,RKNN_FLOAT16_MM_FLOAT16_TO_FLOAT32,1,0,17273686
128,512,1024,RKNN_FLOAT16_MM_FLOAT16_TO_FLOAT32,1,1,9642056
128,512,1024,RKNN_INT4_MM_INT4_TO_INT16,0,1,25858634
128,512,1024,RKNN_INT4_MM_INT4_TO_INT16,1,1,18807829
128,512,2048,RKNN_INT8_MM_INT8_TO_INT32,0,0,15429506
128,512,2048,RKNN_INT8_MM_INT8_TO_INT32,0,1,20238139
128,512,2048,RKNN_INT8_MM_INT8_TO_INT32,1,0,24626736
128,512,2048,RKNN_INT8_MM_INT8_TO_INT32,1,1,19323654
128,512,2048,RKNN_FLOAT16_MM_FLOAT16_TO_FLOAT32,0,0,30751098
128,512,2048,RKNN_FLOAT16_MM_FLOAT16_TO_FLOAT32,0,1,21000544
128,512,2048,RKNN_FLOAT16_MM_FLOAT16_TO_FLOAT32,1,0,31328298
128,512,2048,RKNN_FLOAT16_MM_FLOAT16_TO_FLOAT32,1,1,21847530
128,512,2048,RKNN_INT4_MM_INT4_TO_INT16,0,1,34703994
128,512,2048,RKNN_INT4_MM_INT4_TO_INT16,1,1,25086438
128,512,4096,RKNN_INT8_MM_INT8_TO_INT32,0,0,32268408
128,512,4096,RKNN_INT8_MM_INT8_TO_INT32,0,1,31818873
128,512,4096,RKNN_INT8_MM_INT8_TO_INT32,1,0,41660718
128,512,4096,RKNN_INT8_MM_INT8_TO_INT32,1,1,28968127
128,512,4096,RKNN_FLOAT16_MM_FLOAT16_TO_FLOAT32,0,0,51204234
128,512,4096,RKNN_FLOAT16_MM_FLOAT16_TO_FLOAT32,0,1,32698359
128,512,4096,RKNN_FLOAT16_MM_FLOAT16_TO_FLOAT32,1,0,49289764
128,512,4096,RKNN_FLOAT16_MM_FLOAT16_TO_FLOAT32,1,1,27168030
128,512,4096,RKNN_INT4_MM_INT4_TO_INT16,0,1,48771106
128,512,4096,RKNN_INT4_MM_INT4_TO_INT16,1,1,30044693
128,512,8192,RKNN_INT8_MM_INT8_TO_INT32,0,0,73121805
128,512,8192,RKNN_INT8_MM_INT8_TO_INT32,0,1,45566781
128,512,8192,RKNN_INT8_MM_INT8_TO_INT32,1,0,71952740
128,512,8192,RKNN_INT8_MM_INT8_TO_INT32,1,1,48342112
128,512,8192,RKNN_FLOAT16_MM_FLOAT16_TO_FLOAT32,0,0,105318797
128,512,8192,RKNN_FLOAT16_MM_FLOAT16_TO_FLOAT32,0,1,56497692
128,512,8192,RKNN_FLOAT16_MM_FLOAT16_TO_FLOAT32,1,0,92205379
128,512,8192,RKNN_FLOAT16_MM_FLOAT16_TO_FLOAT32,1,1,49542302
128,512,8192,RKNN_INT4_MM_INT4_TO_INT16,0,1,78117893
128,512,8192,RKNN_INT4_MM_INT4_TO_INT16,1,1,64245862
128,1024,64,RKNN_INT8_MM_INT8_TO_INT32,0,0,7521673
128,1024,64,RKNN_INT8_MM_INT8_TO_INT32,0,1,2527544
128,1024,64,RKNN_INT8_MM_INT8_TO_INT32,1,0,2924204
128,1024,64,RKNN_INT8_MM_INT8_TO_INT32,1,1,2815706
128,1024,64,RKNN_FLOAT16_MM_FLOAT16_TO_FLOAT32,0,0,3254073
128,1024,64,RKNN_FLOAT16_MM_FLOAT16_TO_FLOAT32,0,1,2842538
128,1024,64,RKNN_FLOAT16_MM_FLOAT16_TO_FLOAT32,1,0,3602027
128,1024,64,RKNN_FLOAT16_MM_FLOAT16_TO_FLOAT32,1,1,3163367
128,1024,128,RKNN_INT8_MM_INT8_TO_INT32,0,0,4107768
128,1024,128,RKNN_INT8_MM_INT8_TO_INT32,0,1,3473112
128,1024,128,RKNN_INT8_MM_INT8_TO_INT32,1,0,4182725
128,1024,128,RKNN_INT8_MM_INT8_TO_INT32,1,1,6207736
128,1024,128,RKNN_FLOAT16_MM_FLOAT16_TO_FLOAT32,0,0,5099712
128,1024,128,RKNN_FLOAT16_MM_FLOAT16_TO_FLOAT32,0,1,3163075
128,1024,128,RKNN_FLOAT16_MM_FLOAT16_TO_FLOAT32,1,0,4696342
128,1024,128,RKNN_FLOAT16_MM_FLOAT16_TO_FLOAT32,1,1,4401472
128,1024,128,RKNN_INT4_MM_INT4_TO_INT16,0,1,16943233
128,1024,128,RKNN_INT4_MM_INT4_TO_INT16,1,1,6841517
128,1024,256,RKNN_INT8_MM_INT8_TO_INT32,0,0,6619563
128,1024,256,RKNN_INT8_MM_INT8_TO_INT32,0,1,4673010
128,1024,256,RKNN_INT8_MM_INT8_TO_INT32,1,0,6986765
128,1024,256,RKNN_INT8_MM_INT8_TO_INT32,1,1,6013780
128,1024,256,RKNN_FLOAT16_MM_FLOAT16_TO_FLOAT32,0,0,7788544
128,1024,256,RKNN_FLOAT16_MM_FLOAT16_TO_FLOAT32,0,1,9498559
128,1024,256,RKNN_FLOAT16_MM_FLOAT16_TO_FLOAT32,1,0,18284586
128,1024,256,RKNN_FLOAT16_MM_FLOAT16_TO_FLOAT32,1,1,7552590
128,1024,256,RKNN_INT4_MM_INT4_TO_INT16,0,1,22529603
128,1024,256,RKNN_INT4_MM_INT4_TO_INT16,1,1,15139011
128,1024,512,RKNN_INT8_MM_INT8_TO_INT32,0,0,9491267
128,1024,512,RKNN_INT8_MM_INT8_TO_INT32,0,1,14021654
128,1024,512,RKNN_INT8_MM_INT8_TO_INT32,1,0,13975697
128,1024,512,RKNN_INT8_MM_INT8_TO_INT32,1,1,7638338
128,1024,512,RKNN_FLOAT16_MM_FLOAT16_TO_FLOAT32,0,0,15383716
128,1024,512,RKNN_FLOAT16_MM_FLOAT16_TO_FLOAT32,0,1,13835281
128,1024,512,RKNN_FLOAT16_MM_FLOAT16_TO_FLOAT32,1,0,19022492
128,1024,512,RKNN_FLOAT16_MM_FLOAT16_TO_FLOAT32,1,1,14663602
128,1024,512,RKNN_INT4_MM_INT4_TO_INT16,0,1,30508435
128,1024,512,RKNN_INT4_MM_INT4_TO_INT16,1,1,24045788
128,1024,1024,RKNN_INT8_MM_INT8_TO_INT32,0,0,15055888
128,1024,1024,RKNN_INT8_MM_INT8_TO_INT32,0,1,21830823
128,1024,1024,RKNN_INT8_MM_INT8_TO_INT32,1,0,31049469
128,1024,1024,RKNN_INT8_MM_INT8_TO_INT32,1,1,21036584
128,1024,1024,RKNN_FLOAT16_MM_FLOAT16_TO_FLOAT32,0,0,30719015
128,1024,1024,RKNN_FLOAT16_MM_FLOAT16_TO_FLOAT32,0,1,20498510
128,1024,1024,RKNN_FLOAT16_MM_FLOAT16_TO_FLOAT32,1,0,31850664
128,1024,1024,RKNN_FLOAT16_MM_FLOAT16_TO_FLOAT32,1,1,22230483
128,1024,1024,RKNN_INT4_MM_INT4_TO_INT16,0,1,35749311
128,1024,1024,RKNN_INT4_MM_INT4_TO_INT16,1,1,24795359
128,1024,2048,RKNN_INT8_MM_INT8_TO_INT32,0,0,29799697
128,1024,2048,RKNN_INT8_MM_INT8_TO_INT32,0,1,31259674
128,1024,2048,RKNN_INT8_MM_INT8_TO_INT32,1,0,40498237
128,1024,2048,RKNN_INT8_MM_INT8_TO_INT32,1,1,30080401
128,1024,2048,RKNN_FLOAT16_MM_FLOAT16_TO_FLOAT32,0,0,49403929
128,1024,2048,RKNN_FLOAT16_MM_FLOAT16_TO_FLOAT32,0,1,28951835
128,1024,2048,RKNN_FLOAT16_MM_FLOAT16_TO_FLOAT32,1,0,47630540
128,1024,2048,RKNN_FLOAT16_MM_FLOAT16_TO_FLOAT32,1,1,27554232
128,1024,2048,RKNN_INT4_MM_INT4_TO_INT16,0,1,44343134
128,1024,2048,RKNN_INT4_MM_INT4_TO_INT16,1,1,26950158
128,1024,4096,RKNN_INT8_MM_INT8_TO_INT32,0,0,62155228
128,1024,4096,RKNN_INT8_MM_INT8_TO_INT32,0,1,44250094
128,1024,4096,RKNN_INT8_MM_INT8_TO_INT32,1,0,68504545
128,1024,4096,RKNN_INT8_MM_INT8_TO_INT32,1,1,46499100
128,1024,4096,RKNN_FLOAT16_MM_FLOAT16_TO_FLOAT32,0,0,84783537
128,1024,4096,RKNN_FLOAT16_MM_FLOAT16_TO_FLOAT32,0,1,55729246
128,1024,4096,RKNN_FLOAT16_MM_FLOAT16_TO_FLOAT32,1,0,83621181
128,1024,4096,RKNN_FLOAT16_MM_FLOAT16_TO_FLOAT32,1,1,45947108
128,1024,4096,RKNN_INT4_MM_INT4_TO_INT16,0,1,68542335
128,1024,4096,RKNN_INT4_MM_INT4_TO_INT16,1,1,66921111
128,1024,8192,RKNN_INT8_MM_INT8_TO_INT32,0,0,127402449
128,1024,8192,RKNN_INT8_MM_INT8_TO_INT32,0,1,81188219
128,1024,8192,RKNN_INT8_MM_INT8_TO_INT32,1,0,129044132
128,1024,8192,RKNN_INT8_MM_INT8_TO_INT32,1,1,83894843
128,1024,8192,RKNN_FLOAT16_MM_FLOAT16_TO_FLOAT32,0,0,180810357
128,1024,8192,RKNN_FLOAT16_MM_FLOAT16_TO_FLOAT32,0,1,101952808
128,1024,8192,RKNN_FLOAT16_MM_FLOAT16_TO_FLOAT32,1,0,176391384
128,1024,8192,RKNN_FLOAT16_MM_FLOAT16_TO_FLOAT32,1,1,94032142
128,1024,8192,RKNN_INT4_MM_INT4_TO_INT16,0,1,131666673
128,1024,8192,RKNN_INT4_MM_INT4_TO_INT16,1,1,123350680
128,2048,64,RKNN_INT8_MM_INT8_TO_INT32,0,0,9697931
128,2048,64,RKNN_INT8_MM_INT8_TO_INT32,0,1,3963104
128,2048,64,RKNN_INT8_MM_INT8_TO_INT32,1,0,5431914
128,2048,64,RKNN_INT8_MM_INT8_TO_INT32,1,1,4936380
128,2048,64,RKNN_FLOAT16_MM_FLOAT16_TO_FLOAT32,0,0,6994931
128,2048,64,RKNN_FLOAT16_MM_FLOAT16_TO_FLOAT32,0,1,14758976
128,2048,64,RKNN_FLOAT16_MM_FLOAT16_TO_FLOAT32,1,0,14619270
128,2048,64,RKNN_FLOAT16_MM_FLOAT16_TO_FLOAT32,1,1,16274160
128,2048,128,RKNN_INT8_MM_INT8_TO_INT32,0,0,17649930
128,2048,128,RKNN_INT8_MM_INT8_TO_INT32,0,1,11159282
128,2048,128,RKNN_INT8_MM_INT8_TO_INT32,1,0,12530094
128,2048,128,RKNN_INT8_MM_INT8_TO_INT32,1,1,6931932
128,2048,128,RKNN_FLOAT16_MM_FLOAT16_TO_FLOAT32,0,0,9145064
128,2048,128,RKNN_FLOAT16_MM_FLOAT16_TO_FLOAT32,0,1,15014764
128,2048,128,RKNN_FLOAT16_MM_FLOAT16_TO_FLOAT32,1,0,16244119
128,2048,128,RKNN_FLOAT16_MM_FLOAT16_TO_FLOAT32,1,1,14445314
128,2048,128,RKNN_INT4_MM_INT4_TO_INT16,0,1,27123697
128,2048,128,RKNN_INT4_MM_INT4_TO_INT16,1,1,13654159
128,2048,256,RKNN_INT8_MM_INT8_TO_INT32,0,0,9991759
128,2048,256,RKNN_INT8_MM_INT8_TO_INT32,0,1,10923036
128,2048,256,RKNN_INT8_MM_INT8_TO_INT32,1,0,10480585
128,2048,256,RKNN_INT8_MM_INT8_TO_INT32,1,1,8761820
128,2048,256,RKNN_FLOAT16_MM_FLOAT16_TO_FLOAT32,0,0,14652644
128,2048,256,RKNN_FLOAT16_MM_FLOAT16_TO_FLOAT32,0,1,16315867
128,2048,256,RKNN_FLOAT16_MM_FLOAT16_TO_FLOAT32,1,0,20530384
128,2048,256,RKNN_FLOAT16_MM_FLOAT16_TO_FLOAT32,1,1,16681321
128,2048,256,RKNN_INT4_MM_INT4_TO_INT16,0,1,29551493
128,2048,256,RKNN_INT4_MM_INT4_TO_INT16,1,1,20830880
128,2048,512,RKNN_INT8_MM_INT8_TO_INT32,0,0,16726820
128,2048,512,RKNN_INT8_MM_INT8_TO_INT32,0,1,19871937
128,2048,512,RKNN_INT8_MM_INT8_TO_INT32,1,0,28552258
128,2048,512,RKNN_INT8_MM_INT8_TO_INT32,1,1,21761532
128,2048,512,RKNN_FLOAT16_MM_FLOAT16_TO_FLOAT32,0,0,33232226
128,2048,512,RKNN_FLOAT16_MM_FLOAT16_TO_FLOAT32,0,1,22350939
128,2048,512,RKNN_FLOAT16_MM_FLOAT16_TO_FLOAT32,1,0,27413026
128,2048,512,RKNN_FLOAT16_MM_FLOAT16_TO_FLOAT32,1,1,19598691
128,2048,512,RKNN_INT4_MM_INT4_TO_INT16,0,1,34862991
128,2048,512,RKNN_INT4_MM_INT4_TO_INT16,1,1,23575336
128,2048,1024,RKNN_INT8_MM_INT8_TO_INT32,0,0,31701666
128,2048,1024,RKNN_INT8_MM_INT8_TO_INT32,0,1,29369203
128,2048,1024,RKNN_INT8_MM_INT8_TO_INT32,1,0,38267105
128,2048,1024,RKNN_INT8_MM_INT8_TO_INT32,1,1,29717740
128,2048,1024,RKNN_FLOAT16_MM_FLOAT16_TO_FLOAT32,0,0,51709059
128,2048,1024,RKNN_FLOAT16_MM_FLOAT16_TO_FLOAT32,0,1,27730354
128,2048,1024,RKNN_FLOAT16_MM_FLOAT16_TO_FLOAT32,1,0,42827117
128,2048,1024,RKNN_FLOAT16_MM_FLOAT16_TO_FLOAT32,1,1,29505410
128,2048,1024,RKNN_INT4_MM_INT4_TO_INT16,0,1,44800751
128,2048,1024,RKNN_INT4_MM_INT4_TO_INT16,1,1,43268526
128,2048,2048,RKNN_INT8_MM_INT8_TO_INT32,0,0,67623600
128,2048,2048,RKNN_INT8_MM_INT8_TO_INT32,0,1,49721007
128,2048,2048,RKNN_INT8_MM_INT8_TO_INT32,1,0,70871591
128,2048,2048,RKNN_INT8_MM_INT8_TO_INT32,1,1,43150236
128,2048,2048,RKNN_FLOAT16_MM_FLOAT16_TO_FLOAT32,0,0,79381498
128,2048,2048,RKNN_FLOAT16_MM_FLOAT16_TO_FLOAT32,0,1,44220927
128,2048,2048,RKNN_FLOAT16_MM_FLOAT16_TO_FLOAT32,1,0,68467587
128,2048,2048,RKNN_FLOAT16_MM_FLOAT16_TO_FLOAT32,1,1,43826683
128,2048,2048,RKNN_INT4_MM_INT4_TO_INT16,0,1,64164363
128,2048,2048,RKNN_INT4_MM_INT4_TO_INT16,1,1,53521739
128,2048,4096,RKNN_INT8_MM_INT8_TO_INT32,0,0,134913247
128,2048,4096,RKNN_INT8_MM_INT8_TO_INT32,0,1,84275088
128,2048,4096,RKNN_INT8_MM_INT8_TO_INT32,1,0,127068829
128,2048,4096,RKNN_INT8_MM_INT8_TO_INT32,1,1,81564381
128,2048,4096,RKNN_FLOAT16_MM_FLOAT16_TO_FLOAT32,0,0,137751119
128,2048,4096,RKNN_FLOAT16_MM_FLOAT16_TO_FLOAT32,0,1,83344769
128,2048,4096,RKNN_FLOAT16_MM_FLOAT16_TO_FLOAT32,1,0,139697963
128,2048,4096,RKNN_FLOAT16_MM_FLOAT16_TO_FLOAT32,1,1,84243672
128,2048,4096,RKNN_INT4_MM_INT4_TO_INT16,0,1,111709779
128,2048,4096,RKNN_INT4_MM_INT4_TO_INT16,1,1,125695268
128,2048,8192,RKNN_INT8_MM_INT8_TO_INT32,0,0,255211307
128,2048,8192,RKNN_INT8_MM_INT8_TO_INT32,0,1,161367871
128,2048,8192,RKNN_INT8_MM_INT8_TO_INT32,1,0,248330417
128,2048,8192,RKNN_INT8_MM_INT8_TO_INT32,1,1,162249274
128,2048,8192,RKNN_FLOAT16_MM_FLOAT16_TO_FLOAT32,0,0,357161074
128,2048,8192,RKNN_FLOAT16_MM_FLOAT16_TO_FLOAT32,0,1,211581288
128,2048,8192,RKNN_FLOAT16_MM_FLOAT16_TO_FLOAT32,1,0,348652834
128,2048,8192,RKNN_FLOAT16_MM_FLOAT16_TO_FLOAT32,1,1,213728796
128,2048,8192,RKNN_INT4_MM_INT4_TO_INT16,0,1,266490172
128,2048,8192,RKNN_INT4_MM_INT4_TO_INT16,1,1,242899960
128,4096,64,RKNN_INT8_MM_INT8_TO_INT32,0,0,13049669
128,4096,64,RKNN_INT8_MM_INT8_TO_INT32,0,1,20144807
128,4096,64,RKNN_INT8_MM_INT8_TO_INT32,1,0,8911443
128,4096,64,RKNN_INT8_MM_INT8_TO_INT32,1,1,11408321
128,4096,64,RKNN_FLOAT16_MM_FLOAT16_TO_FLOAT32,0,0,16287202
128,4096,64,RKNN_FLOAT16_MM_FLOAT16_TO_FLOAT32,0,1,16080372
128,4096,64,RKNN_FLOAT16_MM_FLOAT16_TO_FLOAT32,1,0,21245540
128,4096,64,RKNN_FLOAT16_MM_FLOAT16_TO_FLOAT32,1,1,17205728
128,4096,128,RKNN_INT8_MM_INT8_TO_INT32,0,0,18902619
128,4096,128,RKNN_INT8_MM_INT8_TO_INT32,0,1,20700131
128,4096,128,RKNN_INT8_MM_INT8_TO_INT32,1,0,23157426
128,4096,128,RKNN_INT8_MM_INT8_TO_INT32,1,1,15495672
128,4096,128,RKNN_FLOAT16_MM_FLOAT16_TO_FLOAT32,0,0,25266976
128,4096,128,RKNN_FLOAT16_MM_FLOAT16_TO_FLOAT32,0,1,20859671
128,4096,128,RKNN_FLOAT16_MM_FLOAT16_TO_FLOAT32,1,0,25138061
128,4096,128,RKNN_FLOAT16_MM_FLOAT16_TO_FLOAT32,1,1,20449886
128,4096,128,RKNN_INT4_MM_INT4_TO_INT16,0,1,31874580
128,4096,128,RKNN_INT4_MM_INT4_TO_INT16,1,1,26265336
128,4096,256,RKNN_INT8_MM_INT8_TO_INT32,0,0,22247399
128,4096,256,RKNN_INT8_MM_INT8_TO_INT32,0,1,32084577
128,4096,256,RKNN_INT8_MM_INT8_TO_INT32,1,0,27470775
128,4096,256,RKNN_INT8_MM_INT8_TO_INT32,1,1,22251190
128,4096,256,RKNN_FLOAT16_MM_FLOAT16_TO_FLOAT32,0,0,30657766
128,4096,256,RKNN_FLOAT16_MM_FLOAT16_TO_FLOAT32,0,1,24032663
128,4096,256,RKNN_FLOAT16_MM_FLOAT16_TO_FLOAT32,1,0,31532419
128,4096,256,RKNN_FLOAT16_MM_FLOAT16_TO_FLOAT32,1,1,23432422
128,4096,256,RKNN_INT4_MM_INT4_TO_INT16,0,1,37974402
128,4096,256,RKNN_INT4_MM_INT4_TO_INT16,1,1,30652892
128,4096,512,RKNN_INT8_MM_INT8_TO_INT32,0,0,33083228
128,4096,512,RKNN_INT8_MM_INT8_TO_INT32,0,1,30458270
128,4096,512,RKNN_INT8_MM_INT8_TO_INT32,1,0,40560860
128,4096,512,RKNN_INT8_MM_INT8_TO_INT32,1,1,30903054
128,4096,512,RKNN_FLOAT16_MM_FLOAT16_TO_FLOAT32,0,0,49273222
128,4096,512,RKNN_FLOAT16_MM_FLOAT16_TO_FLOAT32,0,1,33243642
128,4096,512,RKNN_FLOAT16_MM_FLOAT16_TO_FLOAT32,1,0,44705003
128,4096,512,RKNN_FLOAT16_MM_FLOAT16_TO_FLOAT32,1,1,32887939
128,4096,512,RKNN_INT4_MM_INT4_TO_INT16,0,1,47139007
128,4096,512,RKNN_INT4_MM_INT4_TO_INT16,1,1,40426863
128,4096,1024,RKNN_INT8_MM_INT8_TO_INT32,0,0,69045661
128,4096,1024,RKNN_INT8_MM_INT8_TO_INT32,0,1,45585364
128,4096,1024,RKNN_INT8_MM_INT8_TO_INT32,1,0,70997547
128,4096,1024,RKNN_INT8_MM_INT8_TO_INT32,1,1,46464393
128,4096,1024,RKNN_FLOAT16_MM_FLOAT16_TO_FLOAT32,0,0,78160184
128,4096,1024,RKNN_FLOAT16_MM_FLOAT16_TO_FLOAT32,0,1,55671122
128,4096,1024,RKNN_FLOAT16_MM_FLOAT16_TO_FLOAT32,1,0,73423800
128,4096,1024,RKNN_FLOAT16_MM_FLOAT16_TO_FLOAT32,1,1,49728758
128,4096,1024,RKNN_INT4_MM_INT4_TO_INT16,0,1,67258356
128,4096,1024,RKNN_INT4_MM_INT4_TO_INT16,1,1,64822769
128,4096,2048,RKNN_INT8_MM_INT8_TO_INT32,0,0,134649251
128,4096,2048,RKNN_INT8_MM_INT8_TO_INT32,0,1,79723493
128,4096,2048,RKNN_INT8_MM_INT8_TO_INT32,1,0,118300176
128,4096,2048,RKNN_INT8_MM_INT8_TO_INT32,1,1,78442221
128,4096,2048,RKNN_FLOAT16_MM_FLOAT16_TO_FLOAT32,0,0,149278479
128,4096,2048,RKNN_FLOAT16_MM_FLOAT16_TO_FLOAT32,0,1,99497306
128,4096,2048,RKNN_FLOAT16_MM_FLOAT16_TO_FLOAT32,1,0,145709827
128,4096,2048,RKNN_FLOAT16_MM_FLOAT16_TO_FLOAT32,1,1,98110161
128,4096,2048,RKNN_INT4_MM_INT4_TO_INT16,0,1,113917662
128,4096,2048,RKNN_INT4_MM_INT4_TO_INT16,1,1,130091323
128,4096,4096,RKNN_INT8_MM_INT8_TO_INT32,0,0,226760756
128,4096,4096,RKNN_INT8_MM_INT8_TO_INT32,0,1,152647176
128,4096,4096,RKNN_INT8_MM_INT8_TO_INT32,1,0,237096385
128,4096,4096,RKNN_INT8_MM_INT8_TO_INT32,1,1,149164147
128,4096,4096,RKNN_FLOAT16_MM_FLOAT16_TO_FLOAT32,0,0,312155118
128,4096,4096,RKNN_FLOAT16_MM_FLOAT16_TO_FLOAT32,0,1,204301694
128,4096,4096,RKNN_FLOAT16_MM_FLOAT16_TO_FLOAT32,1,0,315736436
128,4096,4096,RKNN_FLOAT16_MM_FLOAT16_TO_FLOAT32,1,1,209850857
128,4096,4096,RKNN_INT4_MM_INT4_TO_INT16,0,1,246520654
128,4096,4096,RKNN_INT4_MM_INT4_TO_INT16,1,1,209686359
128,4096,8192,RKNN_INT8_MM_INT8_TO_INT32,0,0,489382406
128,4096,8192,RKNN_INT8_MM_INT8_TO_INT32,0,1,326131856
128,4096,8192,RKNN_INT8_MM_INT8_TO_INT32,1,0,491977324
128,4096,8192,RKNN_INT8_MM_INT8_TO_INT32,1,1,335331461
128,4096,8192,RKNN_FLOAT16_MM_FLOAT16_TO_FLOAT32,0,0,698828436
128,4096,8192,RKNN_FLOAT16_MM_FLOAT16_TO_FLOAT32,0,1,414648085
128,4096,8192,RKNN_FLOAT16_MM_FLOAT16_TO_FLOAT32,1,0,707924792
128,4096,8192,RKNN_FLOAT16_MM_FLOAT16_TO_FLOAT32,1,1,408644804
128,4096,8192,RKNN_INT4_MM_INT4_TO_INT16,0,1,509990372
128,4096,8192,RKNN_INT4_MM_INT4_TO_INT16,1,1,488163842
128,8192,64,RKNN_INT8_MM_INT8_TO_INT32,0,0,18003424
128,8192,64,RKNN_INT8_MM_INT8_TO_INT32,0,1,25196686
128,8192,64,RKNN_INT8_MM_INT8_TO_INT32,1,0,27807645
128,8192,64,RKNN_INT8_MM_INT8_TO_INT32,1,1,23443505
128,8192,64,RKNN_FLOAT16_MM_FLOAT16_TO_FLOAT32,0,0,30148066
128,8192,64,RKNN_FLOAT16_MM_FLOAT16_TO_FLOAT32,0,1,23887998
128,8192,64,RKNN_FLOAT16_MM_FLOAT16_TO_FLOAT32,1,0,30855680
128,8192,64,RKNN_FLOAT16_MM_FLOAT16_TO_FLOAT32,1,1,24794192
128,8192,128,RKNN_INT8_MM_INT8_TO_INT32,0,0,31024094
128,8192,128,RKNN_INT8_MM_INT8_TO_INT32,0,1,28481009
128,8192,128,RKNN_INT8_MM_INT8_TO_INT32,1,0,34742910
128,8192,128,RKNN_INT8_MM_INT8_TO_INT32,1,1,28914961
128,8192,128,RKNN_FLOAT16_MM_FLOAT16_TO_FLOAT32,0,0,37886277
128,8192,128,RKNN_FLOAT16_MM_FLOAT16_TO_FLOAT32,0,1,30827222
128,8192,128,RKNN_FLOAT16_MM_FLOAT16_TO_FLOAT32,1,0,33749676
128,8192,128,RKNN_FLOAT16_MM_FLOAT16_TO_FLOAT32,1,1,28277220
128,8192,128,RKNN_INT4_MM_INT4_TO_INT16,0,1,42645369
128,8192,128,RKNN_INT4_MM_INT4_TO_INT16,1,1,35999557
128,8192,256,RKNN_INT8_MM_INT8_TO_INT32,0,0,45289369
128,8192,256,RKNN_INT8_MM_INT8_TO_INT32,0,1,38156065
128,8192,256,RKNN_INT8_MM_INT8_TO_INT32,1,0,47036634
128,8192,256,RKNN_INT8_MM_INT8_TO_INT32,1,1,35396983
128,8192,256,RKNN_FLOAT16_MM_FLOAT16_TO_FLOAT32,0,0,51736893
128,8192,256,RKNN_FLOAT16_MM_FLOAT16_TO_FLOAT32,0,1,37490534
128,8192,256,RKNN_FLOAT16_MM_FLOAT16_TO_FLOAT32,1,0,50282832
128,8192,256,RKNN_FLOAT16_MM_FLOAT16_TO_FLOAT32,1,1,38130148
128,8192,256,RKNN_INT4_MM_INT4_TO_INT16,0,1,52300383
128,8192,256,RKNN_INT4_MM_INT4_TO_INT16,1,1,36488091
128,8192,512,RKNN_INT8_MM_INT8_TO_INT32,0,0,71463914
128,8192,512,RKNN_INT8_MM_INT8_TO_INT32,0,1,49393179
128,8192,512,RKNN_INT8_MM_INT8_TO_INT32,1,0,70137644
128,8192,512,RKNN_INT8_MM_INT8_TO_INT32,1,1,53988399
128,8192,512,RKNN_FLOAT16_MM_FLOAT16_TO_FLOAT32,0,0,86376305
128,8192,512,RKNN_FLOAT16_MM_FLOAT16_TO_FLOAT32,0,1,55910868
128,8192,512,RKNN_FLOAT16_MM_FLOAT16_TO_FLOAT32,1,0,83488433
128,8192,512,RKNN_FLOAT16_MM_FLOAT16_TO_FLOAT32,1,1,58244040
128,8192,512,RKNN_INT4_MM_INT4_TO_INT16,0,1,68528336
128,8192,512,RKNN_INT4_MM_INT4_TO_INT16,1,1,72748685
128,8192,1024,RKNN_INT8_MM_INT8_TO_INT32,0,0,125358398
128,8192,1024,RKNN_INT8_MM_INT8_TO_INT32,0,1,83008482
128,8192,1024,RKNN_INT8_MM_INT8_TO_INT32,1,0,115441012
128,8192,1024,RKNN_INT8_MM_INT8_TO_INT32,1,1,82227995
128,8192,1024,RKNN_FLOAT16_MM_FLOAT16_TO_FLOAT32,0,0,173243685
128,8192,1024,RKNN_FLOAT16_MM_FLOAT16_TO_FLOAT32,0,1,103183039
128,8192,1024,RKNN_FLOAT16_MM_FLOAT16_TO_FLOAT32,1,0,160893338
128,8192,1024,RKNN_FLOAT16_MM_FLOAT16_TO_FLOAT32,1,1,104266563
128,8192,1024,RKNN_INT4_MM_INT4_TO_INT16,0,1,122617649
128,8192,1024,RKNN_INT4_MM_INT4_TO_INT16,1,1,113373129
128,8192,2048,RKNN_INT8_MM_INT8_TO_INT32,0,0,231810719
128,8192,2048,RKNN_INT8_MM_INT8_TO_INT32,0,1,155619504
128,8192,2048,RKNN_INT8_MM_INT8_TO_INT32,1,0,217273364
128,8192,2048,RKNN_INT8_MM_INT8_TO_INT32,1,1,165516181
128,8192,2048,RKNN_FLOAT16_MM_FLOAT16_TO_FLOAT32,0,0,317791779
128,8192,2048,RKNN_FLOAT16_MM_FLOAT16_TO_FLOAT32,0,1,220281275
128,8192,2048,RKNN_FLOAT16_MM_FLOAT16_TO_FLOAT32,1,0,285413206
128,8192,2048,RKNN_FLOAT16_MM_FLOAT16_TO_FLOAT32,1,1,219700576
128,8192,2048,RKNN_INT4_MM_INT4_TO_INT16,0,1,248620328
128,8192,2048,RKNN_INT4_MM_INT4_TO_INT16,1,1,241412276
128,8192,4096,RKNN_INT8_MM_INT8_TO_INT32,0,0,489445113
128,8192,4096,RKNN_INT8_MM_INT8_TO_INT32,0,1,333511198
128,8192,4096,RKNN_INT8_MM_INT8_TO_INT32,1,0,490211601
128,8192,4096,RKNN_INT8_MM_INT8_TO_INT32,1,1,328686816
128,8192,4096,RKNN_FLOAT16_MM_FLOAT16_TO_FLOAT32,0,0,571157325
128,8192,4096,RKNN_FLOAT16_MM_FLOAT16_TO_FLOAT32,0,1,374954336
128,8192,4096,RKNN_FLOAT16_MM_FLOAT16_TO_FLOAT32,1,0,615153505
128,8192,4096,RKNN_FLOAT16_MM_FLOAT16_TO_FLOAT32,1,1,431859938
128,8192,4096,RKNN_INT4_MM_INT4_TO_INT16,0,1,438510125
128,8192,4096,RKNN_INT4_MM_INT4_TO_INT16,1,1,490957673
128,8192,8192,RKNN_INT8_MM_INT8_TO_INT32,0,0,940724787
128,8192,8192,RKNN_INT8_MM_INT8_TO_INT32,0,1,613351909
128,8192,8192,RKNN_INT8_MM_INT8_TO_INT32,1,0,963143976
128,8192,8192,RKNN_INT8_MM_INT8_TO_INT32,1,1,650685820
128,8192,8192,RKNN_FLOAT16_MM_FLOAT16_TO_FLOAT32,0,0,1449193850
128,8192,8192,RKNN_FLOAT16_MM_FLOAT16_TO_FLOAT32,0,1,799677012
128,8192,8192,RKNN_FLOAT16_MM_FLOAT16_TO_FLOAT32,1,0,1356304732
128,8192,8192,RKNN_FLOAT16_MM_FLOAT16_TO_FLOAT32,1,1,824152126
128,8192,8192,RKNN_INT4_MM_INT4_TO_INT16,0,1,1026103024
128,8192,8192,RKNN_INT4_MM_INT4_TO_INT16,1,1,991281490
